{
  "version": 2,
  "projects": {
    "claims": "apps/claims",
    "claims-api": "libs/claims/claims-api",
    "claims-e2e": "apps/claims-e2e",
    "home": "apps/home",
    "home-e2e": "apps/home-e2e",
    "login": "apps/login",
    "login-e2e": "apps/login-e2e",
    "navbar": "apps/navbar",
    "navbar-e2e": "apps/navbar-e2e",
    "remits": "apps/remits",
    "remits-e2e": "apps/remits-e2e",
    "reports": "apps/reports",
    "reports-e2e": "apps/reports-e2e",
    "data-access-user": "libs/shared/data-access-user"
  }
}
